app_name,customer_transactions_volume,customer_transactions_value,b2c_volume,b2c_value,b2b_volume,b2b_value,on_us_volume,on_us_value,total_volume,total_value,month
Airtel Payments Bank Apps,8.53,2047.45,0,0,0,0,4.69,2682.32,13.22,4729.77,01-Jan-22
Allahabad Bank App,0.02,7.36,0,0,0,0,0,0,0.02,7.36,01-Jan-22
Amazon Pay,73.5,6729.66,0,0,0,0,0,0,73.5,6729.66,01-Jan-22
AU Small Finance Bank App,0.23,81.15,0,0,0,0,0,0,0.23,81.15,01-Jan-22
Axis Bank Apps,6.78,1058.77,40.47,34.25,0,0,0,0,47.25,1093.02,01-Jan-22
Bajaj Finserv,0.24,12.88,0,0,0,0,0,0,0.24,12.88,01-Jan-22
Bank of Baroda Apps,0.71,342.85,0,0,0,0,0,0,0.71,342.85,01-Jan-22
Bank of India App,0.05,20.23,0,0,0,0,0,0,0.05,20.23,01-Jan-22
Bank of Maharashtra App,0.05,12.46,0,0,0,0,0,0,0.05,12.46,01-Jan-22
BHIM,25.82,8511.91,0,0,0,0,0,0,25.82,8511.91,01-Jan-22
Canara Bank App,0.26,98.95,0,0,0,0,0,0,0.26,98.95,01-Jan-22
Central Bank of India App,0.13,47.33,0,0,0,0,0,0,0.13,47.33,01-Jan-22
Citi Bank App,0.09,77.8,0,0,0,0,0,0,0.09,77.8,01-Jan-22
City Union Bank App,0.02,4.92,0,0,0,0,0,0,0.02,4.92,01-Jan-22
Cointab,1.21,179.22,0,0,0,0,0,0,1.21,179.22,01-Jan-22
Cred,10.68,14189.86,0,0,0,0,0,0,10.68,14189.86,01-Jan-22
DBS Digibank App,0.51,186.79,0,0,0,0,0,0,0.51,186.79,01-Jan-22
Dena Bank App,0.02,26.5,0,0,0,0,0,0,0.02,26.5,01-Jan-22
Deutsche Bank App,0.92,61.95,0,0,0,0.13,0,0,0.92,62.08,01-Jan-22
Dhanlaxmi Bank App,0.01,2.95,0,0,0,0,0,0,0.01,2.95,01-Jan-22
Federal Bank App,0.54,109.25,0,0,0,0,0,0,0.54,109.25,01-Jan-22
Fino Payments bank App,0.03,2.79,0,0,0,0,0,0,0.03,2.79,01-Jan-22
Finshell Pay,0.07,3.69,0,0,0,0,0,0,0.07,3.69,01-Jan-22
Google Pay,1584.2,298267.07,0,0,0,0,0,0,1584.2,298267.07,01-Jan-22
HDFC Bank Apps,4.94,1366.89,0,0,0,0,0,0,4.94,1366.89,01-Jan-22
HSBC Bank App,0.08,54.47,0,0.09,0,0,0,0,0.08,54.57,01-Jan-22
ICICI Bank Apps,29.87,8491.18,3.57,215.87,0,0,0,0,33.43,8707.05,01-Jan-22
IDBI Bank App,0.02,12.54,0,0,0,0,0,0,0.02,12.54,01-Jan-22
IDFC Bank App,1.22,316.37,0,0,0,0,0,0,1.22,316.37,01-Jan-22
India Post Payments Bank App,2.65,309.42,0,0,0,0,0,0,2.65,309.42,01-Jan-22
Indian Bank App,0.13,47.42,0,0,0,0,0,0,0.13,47.42,01-Jan-22
IndusInd Bank App,0.74,1218.79,0,0,0,0,0,0,0.74,1218.79,01-Jan-22
Jammu and Kashmir Bank App,0.01,2.47,0,0,0,0,0,0,0.01,2.47,01-Jan-22
Janta Sahakari Bank App,0.01,4.46,0,0,0,0,0,0,0.01,4.46,01-Jan-22
Jio Payments Bank App,2.05,114.39,0,0,0,0,0,0,2.05,114.39,01-Jan-22
Jupiter Money,1.02,156.15,0,0,0,0,0,0,1.02,156.15,01-Jan-22
Karnataka Bank App,0.25,31.19,0,0,0,0,0,0,0.25,31.19,01-Jan-22
Karur Vysya Bank App,0.04,17.37,0,0,0,0,0,0,0.04,17.37,01-Jan-22
Kotak Mahindra Bank Apps,6.88,1333.06,0,0,0,0,0,0,6.88,1333.06,01-Jan-22
MakeMy Trip,0.06,19.63,0,0,0,0,0,0,0.06,19.63,01-Jan-22
MI Pay,0.27,40.51,0,0,0,0,0,0,0.27,40.51,01-Jan-22
Mobikwik,3.87,886.55,0,0,0,0,0,0,3.87,886.55,01-Jan-22
NSDL Payments Bank App,0.02,1.45,0,0,0,0,0,0,0.02,1.45,01-Jan-22
Paytm Payments Bank App,615.9,70892.01,8,13.36,0,0,86.38,14220.6,710.28,85125.97,01-Jan-22
PhonePe,2140.28,405173.78,0,0,0,0,0,0,2140.28,405173.78,01-Jan-22
Punjab National Bank App,0.09,44.86,0,0,0,0,0,0,0.09,44.86,01-Jan-22
Punjab Sindh Bank App,0.01,2.87,0,0,0,0,0,0,0.01,2.87,01-Jan-22
RBL Bank App,0.42,101.45,0,0,0.01,0,0,0,0.43,101.45,01-Jan-22
Samsung Pay,3.17,431.07,0,0,0,0,0,0,3.17,431.07,01-Jan-22
South Indian Bank App,0.13,41.4,0,0,0,0,0,0,0.13,41.4,01-Jan-22
Standard Chartered Bank App,0.11,60.49,0,0,0,0,0,0,0.11,60.49,01-Jan-22
State Bank of India Apps,3.62,1967.04,0,0,0,0.01,0,0,3.62,1967.05,01-Jan-22
UCO Bank App,0.16,37.26,0,0,0,0,0,0,0.16,37.26,01-Jan-22
Ultracash,2.14,177.63,0,0,0,0,0,0,2.14,177.63,01-Jan-22
Union Bank Apps,0.39,182.27,0,0,0,0,0,0,0.39,182.27,01-Jan-22
WhatsApp,2.34,205.83,0,0,0,0,0,0,2.34,205.83,01-Jan-22
Yes Bank Apps,27.24,5816.96,0.35,0.2,0,0,0,0,27.59,5817.16,01-Jan-22
YuvaPay,0.05,77.12,0,0,0,0,0,0,0.05,77.12,01-Jan-22
Others,0.02,9.08,0,0,0,0,0,0,0.02,9.08,01-Jan-22
Airtel Payments Bank Apps,5.8,1199.46,0,0,0,,1.77,1010.71,7.58,2210.17,01-Feb-22
Allahabad Bank App,0.02,6.28,0,0,0,0,0,0,0.02,6.28,01-Feb-22
Amazon Pay,63.49,6044.47,0,0,0,0,0,0,63.49,6044.47,01-Feb-22
AU Small Finance Bank App,0.25,89.36,0,0,0,0,0,0,0.25,89.36,01-Feb-22
Axis Bank Apps,6.9,1366.34,47.88,38.91,0,0,0,0,54.78,1405.26,01-Feb-22
Bajaj Finserv,0.33,19.32,0,0,0,0,0,0,0.33,19.32,01-Feb-22
Bank of Baroda Apps,0.67,330.69,0,0,0,0,0,0,0.67,330.69,01-Feb-22
Bank of India App,0.05,21.28,0,0,0,0,0,0,0.05,21.28,01-Feb-22
Bank of Maharashtra App,0.05,12.49,0,0,0,0,0,0,0.05,12.49,01-Feb-22
BHIM,23.25,7891.86,0,0,0,0,0,0,23.25,7891.86,01-Feb-22
Canara Bank App,0.26,95.78,0,0,0,0,0,0,0.26,95.78,01-Feb-22
Central Bank of India App,0.12,45.26,0,0,0,0,0,0,0.12,45.26,01-Feb-22
Citi Bank App,0.08,69.22,0,0,0,0,0,0,0.08,69.22,01-Feb-22
City Union Bank App,0.02,5.49,0,0,0,0,0,0,0.02,5.49,01-Feb-22
Cointab,1.73,280.57,0,0,0,0,0,0,1.73,280.57,01-Feb-22
Cred,10.08,13364.09,0,0,0,0,0,0,10.08,13364.09,01-Feb-22
DBS Digibank App,0.46,173.63,0,0,0,0,0,0,0.46,173.63,01-Feb-22
Dena Bank App,0.02,23.93,0,0,0,0,0,0,0.02,23.93,01-Feb-22
Deutsche Bank App,0.87,70.43,0,0,0,0,0,0,0.87,70.43,01-Feb-22
Dhanlaxmi Bank App,0.01,2.83,0,0,0,0,0,0,0.01,2.83,01-Feb-22
Federal Bank App,0.55,108.21,0,0,0,0,0,0,0.55,108.21,01-Feb-22
Fino Payments bank App,0.03,3.25,0,0,0,0,0,0,0.03,3.25,01-Feb-22
Finshell Pay,0.06,3.8,0,0,0,0,0,0,0.06,3.8,01-Feb-22
Google Pay,1524.09,291273.46,0,0,0,0,0,0,1524.09,291273.46,01-Feb-22
HDFC Bank Apps,4.59,1370.03,0,0,0,0,0,0,4.59,1370.03,01-Feb-22
HSBC Bank App,0.08,52.94,0,0.04,0,0,0,0,0.08,52.97,01-Feb-22
ICICI Bank Apps,27.39,8537.11,3.27,190.34,0,0,0,0,30.66,8727.44,01-Feb-22
IDBI Bank App,0.02,14.6,0,0,0,0,0,0,0.02,14.6,01-Feb-22
IDFC Bank App,1.21,321.93,0,0,0,0,0,0,1.21,321.93,01-Feb-22
India Post Payments Bank App,2.21,268.9,0,0,0,0,0,0,2.21,268.9,01-Feb-22
Indian Bank App,0.11,42.07,0,0,0,0,0,0,0.11,42.07,01-Feb-22
IndusInd Bank App,0.77,1358.24,0,0,0,0,0,0,0.77,1358.24,01-Feb-22
Jammu and Kashmir Bank App,0.01,3.43,0,0,0,0,0,0,0.01,3.43,01-Feb-22
Janta Sahakari Bank App,0.01,4.33,0,0,0,0,0,0,0.01,4.33,01-Feb-22
Jio Payments Bank App,1.97,111.85,0,0,0,0,0,0,1.97,111.85,01-Feb-22
Jupiter Money,1.13,140.79,0,0,0,0,0,0,1.13,140.79,01-Feb-22
Karnataka Bank App,0.25,31.35,0,0,0,0,0,0,0.25,31.35,01-Feb-22
Karur Vysya Bank App,0.04,17.17,0,0,0,0,0,0,0.04,17.17,01-Feb-22
Kotak Mahindra Bank Apps,6.91,1383.3,0,0,0,0,0,0,6.91,1383.3,01-Feb-22
MakeMy Trip,0.08,33.03,0,0,0,0,0,0,0.08,33.03,01-Feb-22
MI Pay,0.25,38.46,0,0,0,0,0,0,0.25,38.46,01-Feb-22
Mobikwik,3.78,755.89,0,0,0,0,0,0,3.78,755.89,01-Feb-22
NSDL Payments Bank App,0.02,1.77,0,0,0,0,0,0,0.02,1.77,01-Feb-22
Paytm Payments Bank App,613.77,72204.32,8.48,18.96,0,0,84.52,14075.94,706.77,86299.22,01-Feb-22
PhonePe,2120.2,407640.11,0,0,0,0,0,0,2120.2,407640.11,01-Feb-22
Punjab National Bank App,0.08,43.49,0,0,0,0,0,0,0.08,43.49,01-Feb-22
Punjab Sindh Bank Apps,0.01,2.66,0,0,0,0,0,0,0.01,2.66,01-Feb-22
RBL Bank App,0.51,107.25,0,0,0,0,0,0,0.51,107.25,01-Feb-22
Samsung Pay,3.14,421.97,0,0,0,0,0,0,3.14,421.97,01-Feb-22
South Indian Bank App,0.12,38.69,0,0,0,0,0,0,0.12,38.69,01-Feb-22
Standard Chartered Bank App,0.12,64.7,0,0,0,0,0,0,0.12,64.7,01-Feb-22
State Bank of India Apps,3.38,1863.42,0,0,0,0,0,0,3.38,1863.42,01-Feb-22
UCO Bank App,0.16,35.05,0,0,0,0,0,0,0.16,35.05,01-Feb-22
Ultracash,1.51,158.7,0,0,0,0,0,0,1.51,158.7,01-Feb-22
Union Bank Apps,0.35,166.72,0,0,0,0,0,0,0.35,166.72,01-Feb-22
Utkarsh Small Finance Bank,0.01,2.42,0,0,0,0,0,0,0.01,2.42,01-Feb-22
WhatsApp,2.24,207.09,0,0,0,0,0,0,2.24,207.09,01-Feb-22
Yes Bank Apps,31.99,6551.55,0.19,0.06,0,0,0,0,32.17,6551.61,01-Feb-22
YuvaPay,0.05,89.7,0,0,0,0,0,0,0.05,89.7,01-Feb-22
Others,0.02,8.15,0,0,0,0,0,0,0.02,8.15,01-Feb-22
Airtel Payments Bank Apps,8.33,1934.41,0,0,0,0,4.82,2557.85,13.16,4492.25,01-Mar-22
Allahabad Bank Apps,0.02,6.15,0,0,0,0,0,0,0.02,6.15,01-Mar-22
Amazon Pay,76.34,6894.78,0,0,0,0,0,0,76.34,6894.78,01-Mar-22
AU Small Finance Bank Apps,0.29,104.48,0,0,0,0,0,0,0.29,104.48,01-Mar-22
Axis Bank Apps,7.09,1045.13,54.21,39.81,0,0,0,0,61.29,1084.94,01-Mar-22
Bajaj Finserv,0.35,24.08,0,0,0,0,0,0,0.35,24.08,01-Mar-22
Bank of Baroda Apps,0.69,328.61,0,0,0,0,0,0,0.69,328.61,01-Mar-22
Bank of India Apps,0.08,26.22,0,0,0,0,0,0,0.08,26.22,01-Mar-22
Bank of Maharashtra Apps,0.05,15,0,0,0,0,0,0,0.05,15,01-Mar-22
BHIM,24.88,8050.24,0,0,0,0,0,0,24.88,8050.24,01-Mar-22
Canara Bank Apps,0.31,109.68,0,0,0,0,0,0,0.31,109.68,01-Mar-22
Central Bank of India Apps,0.14,50.67,0,0,0,0,0,0,0.14,50.67,01-Mar-22
Citi Bank Apps,0.11,68.41,0,0,0,0,0,0,0.11,68.41,01-Mar-22
City Union Bank Apps,0.03,7.3,0,0,0,0,0,0,0.03,7.3,01-Mar-22
Cointab,0.08,33.22,0,0,0,0,0,0,0.08,33.22,01-Mar-22
Cred,12.11,16136.11,0,0,0,0,0,0,12.11,16136.11,01-Mar-22
DBS Digibank Apps,0.49,185.52,0,0,0,0,0,0,0.49,185.52,01-Mar-22
Dena Bank Apps,0.02,29.32,0,0,0,0,0,0,0.02,29.32,01-Mar-22
Deutsche Bank Apps,1.02,91.66,0,0,0,1.36,0,0,1.02,93.02,01-Mar-22
Dhanlaxmi Bank Apps,0.01,3.29,0,0,0,0,0,0,0.01,3.29,01-Mar-22
Fave,0.37,13,0,0,0,0,0,0,0.37,13,01-Mar-22
Federal Bank Apps,2.45,360.96,0,0,0,0,0,0,2.45,360.96,01-Mar-22
Fino Payments bank Apps,0.04,3.47,0,0,0,0,0,0,0.04,3.47,01-Mar-22
Finserv Markets,0.03,1.49,0,0,0,0,0,0,0.03,1.49,01-Mar-22
Finshell Pay,0.08,4,0,0,0,0,0,0,0.08,4,01-Mar-22
GoIbibo,0.02,5.91,0,0,0,0,0,0,0.02,5.91,01-Mar-22
Google Pay,1838.12,338873.25,0,0,0,0,0,0,1838.12,338873.25,01-Mar-22
Groww,0.83,472.71,0,0,0,0,0,0,0.83,472.71,01-Mar-22
HDFC Bank Apps,5.45,1624.54,0,0,0,0,0,0,5.45,1624.54,01-Mar-22
HSBC Bank Apps,0.1,61.85,0,0.16,0,0,0,0,0.1,62,01-Mar-22
ICICI Bank Apps,31.49,10304.08,3.65,234.61,0,0,0,0,35.13,10538.69,01-Mar-22
IDBI Bank Apps,0.03,16.25,0,0,0,0,0,0,0.03,16.25,01-Mar-22
IDFC Bank Apps,2.7,534.56,0,0,0,0,0,0,2.7,534.56,01-Mar-22
India Post Payments Bank Apps,2.95,321.14,0,0,0,0,0,0,2.95,321.14,01-Mar-22
Indian Bank Apps,0.11,42.26,0,0,0,0,0,0,0.11,42.26,01-Mar-22
Indian Overseas Bank Apps,0.01,1.62,0,0,0,0,0,0,0.01,1.62,01-Mar-22
IndusInd Bank Apps,1.03,2252.3,0,0,0,0,0,0,1.03,2252.3,01-Mar-22
Jammu and Kashmir Bank Apps,0.01,2.15,0,0,0,0,0,0,0.01,2.15,01-Mar-22
Janata Sahakari Bank Apps,0.01,4.51,0,0,0,0,0,0,0.01,4.51,01-Mar-22
Jio Payments Bank Apps,2.27,129.5,0,0,0,0,0,0,2.27,129.5,01-Mar-22
Jupiter,1.32,164.8,0,0,0,0,0,0,1.32,164.8,01-Mar-22
Karnataka Bank Apps,0.3,37.96,0,0,0,0,0,0,0.3,37.96,01-Mar-22
Karur Vysya Bank Apps,0.04,18.29,0,0,0,0,0,0,0.04,18.29,01-Mar-22
Kotak Mahindra Bank Apps,7.92,1587.51,0,0,0,0,0,0,7.92,1587.51,01-Mar-22
MakeMyTrip,0.1,47.1,0,0,0,0,0,0,0.1,47.1,01-Mar-22
MI Pay,0.24,36.02,0,0,0,0,0,0,0.24,36.02,01-Mar-22
Mobikwik,3.6,739.25,0,0,0,0,0,0,3.6,739.25,01-Mar-22
NSDL Payments Bank Apps,0.02,2.28,0,0,0,0,0,0,0.02,2.28,01-Mar-22
Paytm Payments Bank App,729.63,83840.44,9.77,17.68,0,0,97.74,11792.24,837.14,95650.36,01-Mar-22
PhonePe,2527.15,471401.26,0,0,0,0,0,0,2527.15,471401.26,01-Mar-22
Punjab National Bank Apps,0.09,46.64,0,0,0,0,0,0,0.09,46.64,01-Mar-22
Punjab Sind Bank Apps,0.01,3.8,0,0,0,0,0,0,0.01,3.8,01-Mar-22
RBL Bank Apps,0.46,126.74,0,0,0,0,0,0,0.46,126.75,01-Mar-22
Samsung Pay,3.73,473.5,0,0,0,0,0,0,3.73,473.5,01-Mar-22
South Indian Bank Apps,0.13,44.63,0,0,0,0,0,0,0.13,44.63,01-Mar-22
Standard Chartered Bank Apps,0.13,69.84,0,0,0,0,0,0,0.13,69.84,01-Mar-22
State Bank of India Apps,4.01,2130.56,0,0,0,0,0,0,4.01,2130.56,01-Mar-22
SuperPay,0.1,0.64,0,0,0,0,0,0,0.1,0.64,01-Mar-22
UCO Bank Apps,0.19,40.88,0,0,0,0,0,0,0.19,40.88,01-Mar-22
Ultracash,0.03,1.12,0,0,0,0,0,0,0.03,1.12,01-Mar-22
Union Bank Apps,0.41,197.01,0,0,0,0,0,0,0.41,197.01,01-Mar-22
Utkarsh Small Finance Bank Apps,0.01,3.9,0,0,0,0,0,0,0.01,3.9,01-Mar-22
WhatsApp,2.54,239.78,0,0,0,0,0,0,2.54,239.78,01-Mar-22
Yes Bank Apps,35.25,8746.74,0,0,0,0,0,0,35.25,8746.74,01-Mar-22
YuvaPay,0.06,105.39,0,0,0,0,0,0,0.06,105.39,01-Mar-22
Others,0.02,8.11,0,0,0,0,0,0,0.02,8.11,01-Mar-22
Airtel Payments Bank Apps,5.29,454.64,0,0,0,0,0.01,6.26,5.3,460.9,01-Apr-22
Amazon Pay,73.21,6699.57,0,0,0,0,0,0,73.21,6699.57,01-Apr-22
AU Small Finance Bank Apps,0.32,109.89,0,0,0,0,0,0,0.32,109.89,01-Apr-22
Axis Bank Apps,7.19,1213.44,56.84,43.71,0,0,0,0,64.03,1257.15,01-Apr-22
Bajaj Finserv,0.52,38.61,0,0,0,0,0,0,0.52,38.61,01-Apr-22
Bank of Baroda Apps,0.77,344.65,0,0,0,0,0,0,0.77,344.65,01-Apr-22
Bank of India Apps,0.1,32.62,0,0,0,0,0,0,0.1,32.62,01-Apr-22
Bank of Maharashtra Apps,0.05,14.56,0,0,0,0,0,0,0.05,14.56,01-Apr-22
BHIM,25.69,8354.34,0,0,0,0,0,0,25.69,8354.34,01-Apr-22
Canara Bank Apps,0.31,110.31,0,0,0,0,0,0,0.31,110.31,01-Apr-22
Central Bank of India Apps,0.13,51.04,0,0,0,0,0,0,0.13,51.04,01-Apr-22
Citi Bank Apps,0.08,66.03,0,0,0,0,0,0,0.08,66.03,01-Apr-22
City Union Bank Apps,0.03,8.41,0,0,0,0,0,0,0.03,8.41,01-Apr-22
Cointab,0.07,28.5,0,0,0,0,0,0,0.07,28.5,01-Apr-22
Cred,13.05,16372.92,0,0,0,0,0,0,13.05,16372.92,01-Apr-22
DBS Digibank Apps,0.47,175.45,0,0,0,0,0,0,0.47,175.45,01-Apr-22
Deutsche Bank Apps,1.51,128.13,0,0,0,0.3,0,0,1.51,128.43,01-Apr-22
Dhanlaxmi Bank Apps,0.01,3.02,0,0,0,0,0,0,0.01,3.02,01-Apr-22
Fave,0.18,7.73,0,0,0,0,0,0,0.18,7.73,01-Apr-22
Federal Bank Apps,2.7,375.64,0,0,0,0,0,0,2.7,375.64,01-Apr-22
Fino Payments bank Apps,0.04,3.26,0,0,0,0,0,0,0.04,3.26,01-Apr-22
Finserv Markets,0.01,1.06,0,0,0,0,0,0,0.01,1.06,01-Apr-22
Finshell Pay,0.08,4.45,0,0,0,0,0,0,0.08,4.45,01-Apr-22
GoIbibo,0.01,3.31,0,0,0,0,0,0,0.01,3.31,01-Apr-22
Google Pay,1914.77,344791.35,0,0,0,0,0,0,1914.77,344791.35,01-Apr-22
Groww,0.61,376.18,0,0,0,0,0,0,0.61,376.18,01-Apr-22
HDFC Bank Apps,5.9,1759.12,0,0,0,0,0,0,5.9,1759.12,01-Apr-22
HSBC Bank Apps,0.11,59.7,0,0.02,0,0,0,0,0.11,59.72,01-Apr-22
ICICI Bank Apps,32.82,9086.72,4.83,269.45,0,0,0,0,37.65,9356.17,01-Apr-22
IDBI Bank Apps,0.03,16.78,0,0,0,0,0,0,0.03,16.78,01-Apr-22
IDFC Bank Apps,2.49,532.69,0,0,0,0,0,0,2.49,532.69,01-Apr-22
India Post Payments Bank Apps,2.8,328.53,0,0,0,0,0,0,2.8,328.53,01-Apr-22
Indian Bank Apps,0.14,49.9,0,0,0,0,0,0,0.14,49.9,01-Apr-22
Indian Overseas Bank Apps,0.01,1.52,0,0,0,0,0,0,0.01,1.52,01-Apr-22
IndusInd Bank Apps,1.02,2596.71,0,0,0,0,0,0,1.02,2596.71,01-Apr-22
Janata Sahakari Bank Apps,0.01,4.28,0,0,0,0,0,0,0.01,4.28,01-Apr-22
Jio Payments Bank Apps,2.1,126.25,0,0,0,0,0,0,2.1,126.25,01-Apr-22
Jupiter,1.47,186.13,0,0,0,0,0,0,1.47,186.13,01-Apr-22
Jupiter Edge (LivQuick PPI App),0.01,0.43,0,0,0,0,0,0,0.01,0.43,01-Apr-22
Karnataka Bank Apps,0.27,35.58,0,0,0,0,0,0,0.27,35.58,01-Apr-22
Karur Vysya Bank Apps,0.04,18.54,0,0,0,0,0,0,0.04,18.54,01-Apr-22
Kotak Mahindra Bank Apps,7.96,1684.35,0,0,0,0,0,0,7.96,1684.35,01-Apr-22
MakeMyTrip,0.09,41.18,0,0,0,0,0,0,0.09,41.18,01-Apr-22
MI Pay,0.19,28.58,0,0,0,0,0,0,0.19,28.58,01-Apr-22
Mobikwik,2.37,421.47,0,0,0,0,0,0,2.37,421.47,01-Apr-22
NSDL Payments Bank Apps,0.02,2.32,0,0,0,0,0,0,0.02,2.32,01-Apr-22
Paytm Payments Bank App,740.76,85918.88,11.15,15.98,0,0,99.7,15714.2,851.61,101649.06,01-Apr-22
PhonePe,2616.26,486557.03,0,0,0,0,0,0,2616.26,486557.03,01-Apr-22
Punjab National Bank Apps,0.09,46.27,0,0,0,0,0,0,0.09,46.27,01-Apr-22
Punjab Sind Bank Apps,0.01,5.38,0,0,0,0,0,0,0.01,5.38,01-Apr-22
RBL Bank Apps,0.3,113.65,0,0,0,0,0,0,0.3,113.65,01-Apr-22
Samsung Pay,3.81,470.11,0,0,0,0,0,0,3.81,470.11,01-Apr-22
South Indian Bank Apps,0.13,45.03,0,0,0,0,0,0,0.13,45.03,01-Apr-22
Standard Chartered Bank Apps,0.12,68.15,0,0,0,0,0,0,0.12,68.15,01-Apr-22
State Bank of India Apps,4.03,2118,0,0,0,0,0,0,4.03,2118,01-Apr-22
SuperPay,0.02,0.4,0,0,0,0,0,0,0.02,0.4,01-Apr-22
Tamilnad Mercantile Bank Apps,0.01,0.26,0,0,0,0,0,0,0.01,0.26,01-Apr-22
TataNeu,0.35,32.82,0,0,0,0,0,0,0.35,32.82,01-Apr-22
UCO Bank Apps,0.21,41.48,0,0,0,0,0,0,0.21,41.48,01-Apr-22
Ultracash,0.03,2.22,0,0,0,0,0,0,0.03,2.22,01-Apr-22
Union Bank Apps,0.42,198.34,0,0,0,0,0,0,0.42,198.34,01-Apr-22
Utkarsh Small Finance Bank Apps,0.01,3.88,0,0,0,0,0,0,0.01,3.88,01-Apr-22
WhatsApp,2.5,242.4,0,0,0,0,0,0,2.5,242.4,01-Apr-22
Yes Bank Apps,34.07,10246.99,0,0,0,0,0,0,34.07,10246.99,01-Apr-22
YuvaPay,0.06,103.34,0,0,0,0,0,0,0.06,103.34,01-Apr-22
Others,0.02,8.26,0,0,0,0,0,0,0.02,8.26,01-Apr-22
Airtel Payments Bank Apps,6.1,486.55,0,0,0,0,0,0.07,6.11,486.62,01-May-22
Allahabad Bank Apps,0.02,6.25,0,0,0,0,0,0,0.02,6.25,01-May-22
Amazon Pay,74.83,6954.18,0,0,0,0,0,0,74.83,6954.18,01-May-22
AU Small Finance Bank Apps,0.35,107.22,0,0,0,0,0,0,0.35,107.22,01-May-22
Axis Bank Apps,7.46,1372.31,51.14,48.08,0.06,4.77,0,0,58.66,1425.16,01-May-22
Bajaj Finserv,0.79,58.53,0,0,0,0,0,0,0.79,58.53,01-May-22
Bank of Baroda Apps,0.88,406.79,0,0,0,0,0,0,0.88,406.79,01-May-22
Bank of India Apps,0.12,40.04,0,0,0,0,0,0,0.12,40.04,01-May-22
Bank of Maharashtra Apps,0.06,16.47,0,0,0,0,0,0,0.06,16.47,01-May-22
BHIM,26.57,9559.66,0,0,0,0,0,0,26.57,9559.66,01-May-22
Canara Bank Apps,0.33,114.09,0,0,0,0,0,0,0.33,114.09,01-May-22
Central Bank of India Apps,0.15,55.4,0,0,0,0,0,0,0.15,55.4,01-May-22
Citi Bank Apps,0.13,78.71,0,0,0,0,0,0,0.13,78.71,01-May-22
City Union Bank Apps,0.03,10.06,0,0,0,0,0,0,0.03,10.06,01-May-22
Cointab,0.06,23.77,0,0,0,0,0,0,0.06,23.77,01-May-22
Cred,13.89,18174.61,0,0,0,0,0,0,13.89,18174.61,01-May-22
DBS Digibank Apps,0.47,186.33,0,0,0,0,0,0,0.47,186.33,01-May-22
Deutsche Bank Apps,1.64,116.54,0,0,0,0,0,0,1.64,116.55,01-May-22
Dhanlaxmi Bank Apps,0.01,3.35,0,0,0,0,0,0,0.01,3.35,01-May-22
Fave,0.1,6.12,0,0,0,0,0,0,0.1,6.12,01-May-22
Federal Bank Apps,3.42,474.12,0,0,0,0,0,0,3.42,474.12,01-May-22
Fino Payments bank Apps,0.04,3.83,0,0,0,0,0,0,0.04,3.83,01-May-22
Finserv Markets,0.01,1.01,0,0,0,0,0,0,0.01,1.01,01-May-22
Finshell Pay,0.09,4.68,0,0,0,0,0,0,0.09,4.68,01-May-22
GoIbibo,0.01,2.41,0,0,0,0,0,0,0.01,2.41,01-May-22
Google Pay,2079.92,365989.27,0,0,0,0,0,0,2079.92,365989.27,01-May-22
Groww,0.51,335.28,0,0,0,0,0,0,0.51,335.28,01-May-22
HDFC Bank Apps,6.95,1981.11,0,0,0,0,0,0,6.95,1981.11,01-May-22
HSBC Bank Apps,0.1,63.07,0,0.1,0,0,0,0,0.1,63.17,01-May-22
ICICI Bank Apps,32.75,9221.65,2.01,120.93,2.82,1714.32,0,0,37.59,11056.9,01-May-22
IDBI Bank Apps,0.03,18.48,0,0,0,0,0,0,0.03,18.48,01-May-22
IDFC Bank Apps,4.75,626.34,0,0,0,0,0,0,4.75,626.34,01-May-22
India Post Payments Bank Apps,3.1,351.88,0,0,0,0,0,0,3.1,351.88,01-May-22
Indian Bank Apps,0.16,53.11,0,0,0,0.02,0,0,0.16,53.13,01-May-22
Indian Overseas Bank Apps,0.01,2.35,0,0,0,0,0,0,0.01,2.35,01-May-22
IndusInd Bank Apps,1.01,1711.21,0,0,0,0,0,0,1.01,1711.21,01-May-22
Janata Sahakari Bank Apps,0.01,4.79,0,0,0,0,0,0,0.01,4.79,01-May-22
Jio Payments Bank Apps,2.08,127.88,0,0,0,0,0,0,2.08,127.88,01-May-22
Jupiter,1.79,215.44,0,0,0,0,0,0,1.79,215.44,01-May-22
Jupiter Edge (LivQuick PPI),0.1,5.74,0,0,0,0,0,0,0.1,5.74,01-May-22
Karnataka Bank Apps,0.33,40.34,0,0,0,0,0,0,0.33,40.34,01-May-22
Karur Vysya Bank Apps,0.04,17.69,0,0,0,0,0,0,0.04,17.69,01-May-22
Kotak Mahindra Bank Apps,8.5,1882.81,0,0,0,2.19,0,0,8.5,1885,01-May-22
MakeMyTrip,0.09,43.26,0,0,0,0,0,0,0.09,43.26,01-May-22
MI Pay,0.2,33.9,0,0,0,0,0,0,0.2,33.9,01-May-22
Mobikwik,2.46,397.7,0,0,0,0,0,0,2.46,397.7,01-May-22
NSDL Payments Bank Apps,0.02,2.39,0,0,0,0,0,0,0.02,2.39,01-May-22
Paytm Payments Bank App,780.87,91546.5,3.66,5.96,0.19,224.61,102.73,16499.7,887.45,108276.78,01-May-22
PhonePe,2778.75,511028.81,0,0,0,0,0,0,2778.75,511028.81,01-May-22
Punjab National Bank Apps,0.09,43.77,0,0,0,0,0,0,0.09,43.77,01-May-22
Punjab Sind Bank Apps,0.01,6.39,0,0,0,0,0,0,0.01,6.39,01-May-22
RBL Bank Apps,0.32,124.01,0,0,0.05,1.38,0,0,0.38,125.39,01-May-22
Samsung Pay,4.11,490.3,0,0,0,0,0,0,4.11,490.3,01-May-22
South Indian Bank Apps,0.14,49.73,0,0,0,0,0,0,0.14,49.73,01-May-22
Standard Chartered Bank Apps,0.13,70.48,0,0,0,0,0,0,0.13,70.48,01-May-22
State Bank of India Apps,4.18,2195.66,0,0,0,0,0,0,4.18,2195.66,01-May-22
Tamilnad Mercantile Bank Apps,0.01,1.13,0,0,0,0,0,0,0.01,1.13,01-May-22
TataNeu,0.22,30.33,0,0,0,0,0,0,0.22,30.33,01-May-22
UCO Bank Apps,0.22,46.39,0,0,0,0,0,0,0.22,46.39,01-May-22
Ultracash,0.05,4.4,0,0,0,0,0,0,0.05,4.4,01-May-22
Union Bank Apps,0.45,211.85,0,0,0,0,0,0,0.45,211.85,01-May-22
Utkarsh Small Finance Bank Apps,0.01,4.43,0,0,0,0,0,0,0.01,4.43,01-May-22
WhatsApp,3.48,294.98,0,0,0,0,0,0,3.48,294.98,01-May-22
Yes Bank Apps,38.19,10760.55,0,0,1.5,999.61,0,0,39.69,11760.16,01-May-22
YuvaPay,0.04,88.95,0,0,0,0,0,0,0.04,88.95,01-May-22
Others,0.03,10.7,0,0,0,0,0,0,0.03,10.7,01-May-22
Airtel Payments Bank Apps,6.38,506.14,0,0,0,0,0,0.06,6.38,506.2,01-Jun-22
Allahabad Bank Apps,0.02,6.79,0,0,0,0,0,0,0.02,6.79,01-Jun-22
Amazon Pay,68.4,6541.84,0,0,0,0,0,0,68.4,6541.84,01-Jun-22
AU Small Finance Bank Apps,0.38,120.24,0,0,0,0,0,0,0.38,120.24,01-Jun-22
Axis Bank Apps,6.96,1217.71,0.11,11.05,45.53,39.61,0,0,52.6,1268.38,01-Jun-22
Bajaj Finserv,1.16,85.49,0,0,0,0,0,0,1.16,85.49,01-Jun-22
Bajaj Markets,0.01,1.2,0,0,0,0,0,0,0.01,1.2,01-Jun-22
Bank of Baroda Apps,0.83,347.72,0,0,0,0,0,0,0.83,347.72,01-Jun-22
Bank of India Apps,0.13,41.82,0,0,0,0,0,0,0.13,41.82,01-Jun-22
Bank of Maharashtra Apps,0.06,15.77,0,0,0,0,0,0,0.06,15.77,01-Jun-22
BHIM,22.6,7527.98,0,0,0,0,0,0,22.6,7527.98,01-Jun-22
Canara Bank Apps,0.34,109.78,0,0,0,0,0,0,0.34,109.78,01-Jun-22
Central Bank of India Apps,0.15,54.06,0,0,0,0,0,0,0.15,54.06,01-Jun-22
Citi Bank Apps,0.13,63.54,0,0,0,0,0,0,0.13,63.54,01-Jun-22
City Union Bank Apps,0.03,8.72,0,0,0,0,0,0,0.03,8.72,01-Jun-22
Cointab,0.06,23.99,0,0,0,0,0,0,0.06,23.99,01-Jun-22
Cred,13.4,17583.25,0,0,0,0,0,0,13.4,17583.25,01-Jun-22
DBS Digibank Apps,0.46,171.69,0,0,0,0,0,0,0.46,171.69,01-Jun-22
Deutsche Bank Apps,1.51,99.12,0,0,0,0,0,0,1.51,99.12,01-Jun-22
Dhanlaxmi Bank Apps,0.01,2.7,0,0,0,0,0,0,0.01,2.7,01-Jun-22
Equitas Small Finance Bank Apps,0.01,3.87,0,0,0,0,0,0,0.01,3.87,01-Jun-22
Fave,0.12,6.94,0,0,0,0,0,0,0.12,6.94,01-Jun-22
Federal Bank Apps,3.55,494.21,0,0,0,0,0,0,3.55,494.21,01-Jun-22
Fino Payments bank Apps,0.05,3.17,0,0,0,0,0,0,0.05,3.17,01-Jun-22
Finshell Pay,0.1,5.3,0,0,0,0,0,0,0.1,5.3,01-Jun-22
GoIbibo,0.01,3.87,0,0,0,0,0,0,0.01,3.87,01-Jun-22
Google Pay,2025.89,355137.2,0,0,0,0,0,0,2025.89,355137.2,01-Jun-22
Groww,0.72,416.73,0,0,0,0,0,0,0.72,416.73,01-Jun-22
HDFC Bank Apps,8.24,2066.22,0,0,0,0,0,0,8.24,2066.22,01-Jun-22
HSBC Bank Apps,0.11,61.38,0,0,0,0,0,0,0.11,61.39,01-Jun-22
ICICI Bank Apps,35.25,6931.44,4.11,3270.67,0.01,0.03,0,0,39.37,10202.14,01-Jun-22
IDBI Bank Apps,0.03,15.71,0,0,0,0,0,0,0.03,15.71,01-Jun-22
IDFC Bank Apps,7.03,663.65,0,0,0,0,0,0,7.03,663.65,01-Jun-22
India Post Payments Bank Apps,3.98,467.34,0,0,0,0,0,0,3.98,467.34,01-Jun-22
Indian Bank Apps,0.17,53.3,0,0.38,0,0,0,0,0.17,53.68,01-Jun-22
Indian Overseas Bank Apps,0.01,2.98,0,0,0,0,0,0,0.01,2.98,01-Jun-22
IndusInd Bank Apps,1,1645.13,0,0,0,0,0,0,1,1645.13,01-Jun-22
Janata Sahakari Bank Apps,0.01,4.47,0,0,0,0,0,0,0.01,4.47,01-Jun-22
Jio Payments Bank Apps,1.87,116.34,0,0,0,0,0,0,1.87,116.34,01-Jun-22
Jupiter,1.89,223.22,0,0,0,0,0,0,1.89,223.22,01-Jun-22
Jupiter Edge (LivQuick PPI),0.13,8.72,0,0,0,0,0,0,0.13,8.72,01-Jun-22
Karnataka Bank Apps,0.32,43.13,0,0,0,0,0,0,0.32,43.13,01-Jun-22
Karur Vysya Bank Apps,0.04,15.91,0,0,0,0,0,0,0.04,15.91,01-Jun-22
Kotak Mahindra Bank Apps,8.33,1758.64,0.01,3.64,0,0,0,0,8.33,1762.28,01-Jun-22
MakeMyTrip,0.11,51.45,0,0,0,0,0,0,0.11,51.45,01-Jun-22
MI Pay,0.17,29.61,0,0,0,0,0,0,0.17,29.61,01-Jun-22
Mobikwik,2.31,404.63,0,0,0,0,0,0,2.31,404.63,01-Jun-22
NSDL Payments Bank Apps,0.02,2.44,0,0,0,0,0,0,0.02,2.44,01-Jun-22
Paytm Payments Bank App,778.87,89388.78,0.35,412.2,0,0,98.28,12318.93,877.5,102119.9,01-Jun-22
PhonePe,2732.59,501474.48,0,0,0,0,0,0,2732.59,501474.48,01-Jun-22
Punjab National Bank Apps,0.08,40.68,0,0,0,0,0,0,0.08,40.68,01-Jun-22
Punjab Sind Bank Apps,0.01,5.93,0,0,0,0,0,0,0.01,5.93,01-Jun-22
RBL Bank Apps,0.35,121,0.07,2.89,0,0,0,0,0.42,123.89,01-Jun-22
Samsung Pay,4.07,468.23,0,0,0,0,0,0,4.07,468.23,01-Jun-22
South Indian Bank Apps,0.14,46.66,0,0,0,0,0,0,0.14,46.66,01-Jun-22
Standard Chartered Bank Apps,0.13,69.13,0,0,0,0,0,0,0.13,69.13,01-Jun-22
State Bank of India Apps,3.83,1947.1,0,0,0,0,0,0,3.83,1947.1,01-Jun-22
Tamilnad Mercantile Bank Apps,0.03,4.02,0,0,0,0,0,0,0.03,4.02,01-Jun-22
TataNeu,0.12,19.41,0,0,0,0,0,0,0.12,19.41,01-Jun-22
TJSB Bank Apps,0.01,2.1,0,0,0,0,0,0,0.01,2.1,01-Jun-22
UCO Bank Apps,0.22,42.3,0,0,0,0,0,0,0.22,42.3,01-Jun-22
Ultracash,0.03,3.32,0,0,0,0,0,0,0.03,3.32,01-Jun-22
Union Bank Apps,0.45,199.8,0,0,0,0,0,0,0.45,199.8,01-Jun-22
Utkarsh Small Finance Bank Apps,0.01,3.47,0,0,0,0,0,0,0.01,3.47,01-Jun-22
WhatsApp,23.04,429.06,0,0,0,0,0,0,23.04,429.06,01-Jun-22
Yes Bank Apps,41.67,9889.56,2.35,1257.6,0,0,0,0,44.03,11147.17,01-Jun-22
YuvaPay,0.03,58.31,0,0,0,0,0,0,0.03,58.31,01-Jun-22
Others,0.02,6.34,0,0,0,0,0,0,0.02,6.34,01-Jun-22
Airtel Payments Bank Apps,7.4,555.09,0,0,0,0,0,0.16,7.41,555.26,01-Jul-22
Allahabad Bank Apps,0.03,6.95,0,0,0,0,0,0,0.03,6.95,01-Jul-22
Amazon Pay,68.77,6751.8,0,0,0,0,0,0,68.77,6751.8,01-Jul-22
AU Small Finance Bank Apps,0.42,131.49,0,0,0,0,0,0,0.42,131.49,01-Jul-22
Axis Bank Apps,7.35,1174.32,46.63,38.1,0.02,1.53,0,0,53.99,1213.95,01-Jul-22
Bajaj Finserv,1.95,128.52,0,0,0,0,0,0,1.95,128.52,01-Jul-22
Bajaj Markets,0.02,1.66,0,0,0,0,0,0,0.02,1.66,01-Jul-22
Bandhan Bank Apps,0.01,1.35,0,0,0,0,0,0,0.01,1.35,01-Jul-22
Bank of Baroda Apps,0.88,354.45,0,0,0,0,0,0,0.88,354.45,01-Jul-22
Bank of India Apps,0.15,46.44,0,0,0,0,0,0,0.15,46.44,01-Jul-22
Bank of Maharashtra Apps,0.06,16.47,0,0,0,0,0,0,0.06,16.47,01-Jul-22
BHIM,24.48,7823.95,0,0,0,0,0,0,24.48,7823.95,01-Jul-22
Canara Bank Apps,0.47,128.79,0,0,0,0,0,0,0.47,128.79,01-Jul-22
Central Bank of India Apps,0.22,58.37,0,0,0,0,0,0,0.22,58.37,01-Jul-22
Citi Bank Apps,0.11,63.66,0,0,0,0,0,0,0.11,63.66,01-Jul-22
City Union Bank Apps,0.03,10.19,0,0,0,0,0,0,0.03,10.19,01-Jul-22
Cointab,0.07,27.3,0,0,0,0,0,0,0.07,27.3,01-Jul-22
Cred,14.89,19716.43,0,0,0,0,0,0,14.89,19716.43,01-Jul-22
DBS Digibank Apps,0.47,179.27,0,0,0,0,0,0,0.47,179.27,01-Jul-22
Deutsche Bank Apps,1.87,116,0,0,0,0.01,0,0,1.87,116.01,01-Jul-22
Dhanlaxmi Bank Apps,0.01,2.86,0,0,0,0,0,0,0.01,2.86,01-Jul-22
Equitas Small Finance Bank Apps,0.01,4.89,0,0,0,0,0,0,0.01,4.89,01-Jul-22
Fave,0.16,11.06,0,0,0,0,0,0,0.16,11.06,01-Jul-22
Federal Bank Apps,3.85,539.55,0,0,0,0,0,0,3.85,539.55,01-Jul-22
Fino Payments Bank Apps,0.06,4.26,0,0,0,0,0,0,0.06,4.26,01-Jul-22
GoIbibo,0.01,5.1,0,0,0,0,0,0,0.01,5.1,01-Jul-22
Google Pay,2130.63,366669.09,0,0,0,0,0,0,2130.63,366669.09,01-Jul-22
Groww,0.49,290.31,0,0,0,0,0,0,0.49,290.31,01-Jul-22
HDFC Bank Apps,9.38,2341.28,0,0,0,0,0,0,9.38,2341.28,01-Jul-22
HSBC Bank Apps,0.11,68.43,0,0.04,0,0,0,0,0.11,68.47,01-Jul-22
ICICI Bank Apps,32.53,7745.19,0.46,32.24,4.36,3731.87,0,0,37.34,11509.29,01-Jul-22
IDBI Bank Apps,0.03,16.42,0,0,0,0,0,0,0.03,16.42,01-Jul-22
IDFC Bank Apps,8.28,645.34,0,0,0,0,0,0,8.28,645.34,01-Jul-22
India Post Payments Bank Apps,4.08,480.59,0,0,0,0,0,0,4.08,480.59,01-Jul-22
Indian Bank Apps,0.2,58.15,0,0,0.01,13.23,0,0,0.21,71.39,01-Jul-22
Indian Overseas Bank Apps,0.01,3.74,0,0,0,0,0,0,0.01,3.74,01-Jul-22
IndusInd Bank Apps,0.99,1652.26,0,0,0,0,0,0,0.99,1652.26,01-Jul-22
Janata Sahakari Bank Apps,0.01,4.15,0,0,0,0,0,0,0.01,4.15,01-Jul-22
Jio Payments Bank Apps,1.9,116.59,0,0,0,0,0,0,1.9,116.59,01-Jul-22
Jupiter,2.1,254.14,0,0,0,0,0,0,2.1,254.14,01-Jul-22
Karnataka Bank Apps,0.35,48.01,0,0,0,0,0,0,0.35,48.01,01-Jul-22
Karur Vysya Bank Apps,0.04,15.66,0,0,0,0,0,0,0.04,15.66,01-Jul-22
Kotak Mahindra Bank Apps,8.86,1815.87,0,0,0,0.46,0,0,8.86,1816.33,01-Jul-22
MakeMyTrip,0.13,58.19,0,0,0,0,0,0,0.13,58.19,01-Jul-22
MI Pay,0.16,26.98,0,0,0,0,0,0,0.16,26.98,01-Jul-22
Mobikwik,2.48,462.17,0,0,0,0,0,0,2.48,462.17,01-Jul-22
NSDL Payments Bank Apps,0.02,3.5,0,0,0,0,0,0,0.02,3.5,01-Jul-22
Paytm Payments Bank App,828.63,94507.77,0.55,1.91,0.38,465.62,104.32,16174.36,933.88,111149.66,01-Jul-22
PhonePe,2993.83,524742.49,0,0,0,0,0,0,2993.83,524742.49,01-Jul-22
Punjab National Bank Apps,0.07,35.7,0,0,0,0,0,0,0.07,35.7,01-Jul-22
Punjab Sind Bank Apps,0.01,4.03,0,0,0,0,0,0,0.01,4.03,01-Jul-22
RBL Bank Apps,0.52,120.48,0,0,0.02,0.69,0,0,0.54,121.17,01-Jul-22
Samsung Pay,4.05,472.39,0,0,0,0,0,0,4.05,472.39,01-Jul-22
South Indian Bank Apps,0.15,46.97,0,0,0,0,0,0,0.15,46.97,01-Jul-22
Standard Chartered Bank Apps,0.14,74.11,0,0,0,0,0,0,0.14,74.11,01-Jul-22
State Bank of India Apps,4.15,2013.47,0,0,0,0,0,0,4.15,2013.47,01-Jul-22
Tamilnad Mercantile Bank Apps,0.05,6.78,0,0,0,0,0,0,0.05,6.78,01-Jul-22
TataNeu,0.11,17.26,0,0,0,0,0,0,0.11,17.26,01-Jul-22
TJSB Bank Apps,0.01,2.26,0,0,0,0,0,0,0.01,2.26,01-Jul-22
UCO Bank Apps,0.22,46.83,0,0,0,0,0,0,0.22,46.83,01-Jul-22
Ultracash,0.03,2.08,0,0,0,0,0,0,0.03,2.08,01-Jul-22
Union Bank Apps,0.49,208.03,0,0,0,0,0,0,0.49,208.03,01-Jul-22
Utkarsh Small Finance Bank Apps,0.02,4.55,0,0,0,0,0,0,0.02,4.55,01-Jul-22
WhatsApp,6.18,502,0,0,0,0,0,0,6.18,502,01-Jul-22
Yes Bank Apps,55.35,13868.41,0,0,5.45,1367.63,0,0,60.8,15236.04,01-Jul-22
YuvaPay,0.01,21.38,0,0,0,0,0,0,0.01,21.38,01-Jul-22
Others,0.02,5.15,0,0,0,0,0,0,0.02,5.15,01-Jul-22
Airtel Payments Bank Apps,7.96,608.38,0,0,0,0.01,0,0.11,7.96,608.5,01-Aug-22
Allahabad Bank Apps,0.03,7.7,0,0,0,0,0,0,0.03,7.7,01-Aug-22
Amazon Pay,62.43,6353.15,0,0,0,0,0,0,62.43,6353.15,01-Aug-22
AU Small Finance Bank Apps,0.45,138.7,0,0,0,0,0,0,0.45,138.7,01-Aug-22
Axis Bank Apps,7.39,1313.76,50.7,42.71,0.02,1.42,0,0,58.11,1357.89,01-Aug-22
Bajaj Finserv,2.45,178.59,0,0,0,0,0,0,2.45,178.59,01-Aug-22
Bajaj Markets,0.02,1.58,0,0,0,0,0,0,0.02,1.58,01-Aug-22
Bandhan Bank Apps,0.01,1.25,0,0,0,0,0,0,0.01,1.25,01-Aug-22
Bank of Baroda Apps,0.99,383.42,0,0,0,0,0,0,0.99,383.43,01-Aug-22
Bank of India Apps,0.17,54.81,0,0,0,0,0,0,0.17,54.81,01-Aug-22
Bank of Maharashtra Apps,0.07,17.19,0,0,0,0,0,0,0.07,17.19,01-Aug-22
BHIM,24.99,7860.48,0,0,0,0,0,0,24.99,7860.48,01-Aug-22
Canara Bank Apps,0.67,176.37,0,0,0,0,0,0,0.67,176.37,01-Aug-22
Central Bank of India Apps,0.24,64.59,0,0,0,0.01,0,0,0.24,64.59,01-Aug-22
Citi Bank Apps,0.11,63.08,0,0,0,0,0,0,0.11,63.08,01-Aug-22
City Union Bank Apps,0.04,11.45,0,0,0,0,0,0,0.04,11.45,01-Aug-22
Cointab,0.06,24.98,0,0,0,0,0,0,0.06,24.98,01-Aug-22
Cred,14.81,19084.3,0,0,0,0,0,0,14.81,19084.3,01-Aug-22
DBS Digibank Apps,0.48,178.76,0,0,0,0,0,0,0.48,178.76,01-Aug-22
Deutsche Bank Apps,1.98,119.21,0,0,0,0.01,0,0,1.98,119.21,01-Aug-22
Dhanlaxmi Bank Apps,0.01,3.1,0,0,0,0,0,0,0.01,3.1,01-Aug-22
Equitas Small Finance Bank Apps,0.01,4.94,0,0,0,0,0,0,0.01,4.94,01-Aug-22
Fave,0.14,7.71,0,0,0,0,0,0,0.14,7.71,01-Aug-22
Federal Bank Apps,3.8,520.2,0,0,0,0,0,0,3.8,520.2,01-Aug-22
Fino Payments bank Apps,0.08,5.05,0,0,0,0,0,0,0.08,5.05,01-Aug-22
GoIbibo,0.01,4.82,0,0,0,0,0,0,0.01,4.82,01-Aug-22
Google Pay,2212.73,371081.16,0,0,0,0,0,0,2212.73,371081.16,01-Aug-22
Groww,0.8,490.93,0,0,0,0,0,0,0.8,490.93,01-Aug-22
HDFC Bank Apps,9.83,2415.47,0,0,0,0,0,0,9.83,2415.47,01-Aug-22
HSBC Bank Apps,0.11,65.7,0,0.44,0,0,0,0,0.11,66.14,01-Aug-22
ICICI Bank Apps,36.96,8334.98,4.96,406.52,3.68,1983.75,0,0,45.59,10725.25,01-Aug-22
IDBI Bank Apps,0.04,20.31,0,0,0,0,0,0,0.04,20.31,01-Aug-22
IDFC Bank Apps,10.19,762.41,0,0,0,0,0,0,10.19,762.41,01-Aug-22
India Post Payments Bank Apps,4.3,504.41,0,0,0,0,0,0,4.3,504.41,01-Aug-22
Indian Bank Apps,0.22,63.1,0,0,0,0.23,0,0,0.22,63.33,01-Aug-22
Indian Overseas Bank Apps,0.01,4.66,0,0,0,0,0,0,0.01,4.66,01-Aug-22
IndusInd Bank Apps,1.01,1605.56,0,0,0,0,0,0,1.01,1605.56,01-Aug-22
Janata Sahakari Bank Apps,0.01,4.56,0,0,0,0,0,0,0.01,4.56,01-Aug-22
Jio Payments Bank Apps,1.85,113.28,0,0,0,0,0,0,1.85,113.28,01-Aug-22
Jupiter,2.03,249.2,0,0,0,0,0,0,2.03,249.2,01-Aug-22
Karnataka Bank Apps,0.38,55.32,0,0,0,0,0,0,0.38,55.32,01-Aug-22
Karur Vysya Bank Apps,0.04,16.54,0,0,0,0,0,0,0.04,16.54,01-Aug-22
Kotak Mahindra Bank Apps,9.28,1939.14,0,0,0,0,0,0,9.28,1939.14,01-Aug-22
MakeMyTrip,0.15,62.67,0,0,0,0,0,0,0.15,62.67,01-Aug-22
MI Pay,0.15,24.8,0,0,0,0,0,0,0.15,24.8,01-Aug-22
Mobikwik,2.84,562.95,0,0,0,0,0,0,2.84,562.95,01-Aug-22
NSDL Payments Bank Apps,0.02,2.85,0,0,0,0,0,0,0.02,2.85,01-Aug-22
Paytm Payments Bank App,871.86,96034.11,4.11,10.37,0.38,458.24,110.05,17714.37,986.39,114217.1,01-Aug-22
PhonePe,3146.71,528433.49,0,0,0,0,0,0,3146.71,528433.49,01-Aug-22
Punjab National Bank Apps,0.09,43.41,0,0,0,0,0,0,0.09,43.41,01-Aug-22
Punjab Sind Bank Apps,0.01,5.25,0,0,0,0,0,0,0.01,5.25,01-Aug-22
RBL Bank Apps,0.82,162.46,0,0,0.01,0.56,0,0,0.82,163.02,01-Aug-22
Samsung Pay,4.09,468.37,0,0,0,0,0,0,4.09,468.37,01-Aug-22
South Indian Bank Apps,0.16,52.73,0,0,0,0,0,0,0.16,52.73,01-Aug-22
Standard Chartered Bank Apps,0.14,73.6,0,0,0,0,0,0,0.14,73.6,01-Aug-22
State Bank of India Apps,4.1,1926.51,0,0,0,0,0,0,4.1,1926.51,01-Aug-22
Tamilnad Mercantile Bank Apps,0.06,7.94,0,0,0,0,0,0,0.06,7.94,01-Aug-22
TataNeu,0.1,15.78,0,0,0,0,0,0,0.1,15.78,01-Aug-22
TJSB Bank Apps,0.01,2.2,0,0,0,0,0,0,0.01,2.2,01-Aug-22
UCO Bank Apps,0.25,65.69,0,0,0,0,0,0,0.25,65.69,01-Aug-22
Ultracash,0.02,1.54,0,0,0,0,0,0,0.02,1.54,01-Aug-22
Union Bank Apps,0.52,215.23,0,0,0,0,0,0,0.52,215.23,01-Aug-22
Utkarsh Small Finance Bank Apps,0.02,4.71,0,0,0,0,0,0,0.02,4.71,01-Aug-22
WhatsApp,6.72,567.17,0,0,0,0,0,0,6.72,567.17,01-Aug-22
Yes Bank Apps,54.6,13008.95,0,0,3.2,3225.97,0,0,57.8,16234.92,01-Aug-22
Others,0.01,5.72,0,0,0,0,0,0,0.01,5.72,01-Aug-22
Airtel Payments Bank Apps,9.14,680.76,0,0,0,0.02,0,0.11,9.15,680.89,01-Sep-22
Allahabad Bank Apps,0.03,8.1,0,0,0,0,0,0,0.03,8.1,01-Sep-22
Amazon Pay,57.38,6015.31,0,0,0,0,0,0,57.38,6015.31,01-Sep-22
AU Small Finance Bank Apps,0.48,148.9,0,0,0,0,0,0,0.48,148.9,01-Sep-22
Axis Bank Apps,7.46,1421.09,50.24,46.13,0.02,1.85,0,0,57.72,1469.07,01-Sep-22
Bajaj Finserv,3.29,234.81,0,0,0,0,0,0,3.29,234.81,01-Sep-22
Bajaj Markets,0.01,1.38,0,0,0,0,0,0,0.01,1.38,01-Sep-22
Bandhan Bank Apps,0.01,1.88,0,0,0,0,0,0,0.01,1.88,01-Sep-22
Bank of Baroda Apps,1.11,443.84,0,0,0,0,0,0,1.11,443.85,01-Sep-22
Bank of India Apps,0.18,54.59,0,0,0,0,0,0,0.18,54.59,01-Sep-22
Bank of Maharashtra Apps,0.07,17.23,0,0,0,0,0,0,0.07,17.23,01-Sep-22
BHIM,25.17,8308.65,0,0,0,0,0,0,25.17,8308.65,01-Sep-22
Canara Bank Apps,0.78,207.18,0,0,0,0,0,0,0.78,207.18,01-Sep-22
Central Bank of India Apps,0.28,68.37,0,0,0,0.01,0,0,0.28,68.38,01-Sep-22
Citi Bank Apps,0.1,67,0,0,0,0,0,0,0.1,67,01-Sep-22
City Union Bank Apps,0.04,12.45,0,0,0,0,0,0,0.04,12.45,01-Sep-22
Cointab,0.04,19.35,0,0,0,0,0,0,0.04,19.35,01-Sep-22
Cred,14.96,19237.92,0,0,0,0,0,0,14.96,19237.92,01-Sep-22
DBS Digibank Apps,0.43,176.91,0,0,0,0,0,0,0.43,176.91,01-Sep-22
Deutsche Bank Apps,1.58,98.43,0,0,0,0.01,0,0,1.58,98.43,01-Sep-22
Dhanlaxmi Bank Apps,0.01,2.87,0,0,0,0,0,0,0.01,2.87,01-Sep-22
Equitas Small Finance Bank Apps,0.02,8.76,0,0,0,0,0,0,0.02,8.76,01-Sep-22
Fave,0.08,4.4,0,0,0,0,0,0,0.08,4.4,01-Sep-22
Federal Bank Apps,3.84,549.95,0,0,0,0,0,0,3.84,549.95,01-Sep-22
Fino Payments bank Apps,0.08,5.66,0,0,0,0,0,0,0.08,5.66,01-Sep-22
GoIbibo,0.01,3.58,0,0,0,0,0,0,0.01,3.58,01-Sep-22
Google Pay,2296.14,387996.14,0,0,0,0,0,0,2296.14,387996.14,01-Sep-22
Groww,0.11,68.03,0,0,0,0,0,0,0.11,68.03,01-Sep-22
HDFC Bank Apps,10.98,2686.1,0,0,0,0,0,0,10.98,2686.1,01-Sep-22
HSBC Bank Apps,0.12,70.14,0,0.43,0,0,0,0,0.12,70.56,01-Sep-22
ICICI Bank Apps,26.54,6862.5,4.84,366.84,3.45,3172.47,0,0,34.84,10401.81,01-Sep-22
IDBI Bank Apps,0.05,24.18,0,0,0,0,0,0,0.05,24.18,01-Sep-22
IDFC Bank Apps,11.53,824.51,0,0,0,0.01,0,0,11.53,824.52,01-Sep-22
India Post Payments Bank Apps,5.22,572.75,0,0,0,0,0,0,5.22,572.75,01-Sep-22
Indian Bank Apps,0.21,63.62,0,0,0,1.96,0,0,0.21,65.58,01-Sep-22
Indian Overseas Bank Apps,0.02,4.79,0,0,0,0,0,0,0.02,4.79,01-Sep-22
IndusInd Bank Apps,1.04,1439.51,0,0,0,0,0,0,1.04,1439.51,01-Sep-22
Janata Sahakari Bank Apps,0.01,4.42,0,0,0,0,0,0,0.01,4.42,01-Sep-22
Jio Payments Bank Apps,1.4,90.36,0,0,0,0,0,0,1.4,90.36,01-Sep-22
Jupiter,2.09,259.71,0,0,0,0,0,0,2.09,259.71,01-Sep-22
Karnataka Bank Apps,0.4,63.84,0,0,0,0,0,0,0.4,63.84,01-Sep-22
Karur Vysya Bank Apps,0.04,16.74,0,0,0,0,0,0,0.04,16.74,01-Sep-22
Kotak Mahindra Bank Apps,10.52,2230.6,0,0,0,0,0,0,10.52,2230.61,01-Sep-22
MakeMyTrip,0.1,47.83,0,0,0,0,0,0,0.1,47.83,01-Sep-22
MI Pay,0.03,3.87,0,0,0,0,0,0,0.03,3.87,01-Sep-22
Mobikwik,3.04,632.71,0,0,0,0,0,0,3.04,632.71,01-Sep-22
NSDL Payments Bank Apps,0.02,2.79,0,0,0,0,0,0,0.02,2.79,01-Sep-22
Paytm Payments Bank App,924.77,101163.26,2.92,9.55,0.4,489.04,109.1,19143.49,1037.2,120805.34,01-Sep-22
PhonePe,3216.78,549583.77,0,0,0,0,0,0,3216.78,549583.77,01-Sep-22
Punjab National Bank Apps,0.13,59.01,0,0,0,0,0,0,0.13,59.01,01-Sep-22
Punjab Sind Bank Apps,0.02,6.88,0,0,0,0,0,0,0.02,6.88,01-Sep-22
RBL Bank Apps,0.96,199.7,0,0,0.03,1.21,0,0,0.99,200.91,01-Sep-22
Samsung Pay,4.55,495.89,0,0,0,0,0,0,4.55,495.89,01-Sep-22
South Indian Bank Apps,0.17,56.54,0,0,0,0,0,0,0.17,56.54,01-Sep-22
Standard Chartered Bank Apps,0.14,78.49,0,0,0,0.01,0,0,0.14,78.5,01-Sep-22
State Bank of India Apps,3.57,1818.89,0,0,0,0,0,0,3.57,1818.89,01-Sep-22
Tamilnad Mercantile Bank Apps,0.06,9.21,0,0,0,0,0,0,0.06,9.21,01-Sep-22
TataNeu,0.13,17.23,0,0,0,0,0,0,0.13,17.23,01-Sep-22
TJSB Bank Apps,0.01,2.06,0,0,0,0,0,0,0.01,2.06,01-Sep-22
UCO Bank Apps,0.26,75.02,0,0,0,0,0,0,0.26,75.02,01-Sep-22
Ultracash,0.01,0.7,0,0,0,0,0,0,0.01,0.7,01-Sep-22
Union Bank Apps,0.55,237.54,0,0,0,0,0,0,0.55,237.54,01-Sep-22
Utkarsh Small Finance Bank Apps,0.02,5.59,0,0,0,0,0,0,0.02,5.59,01-Sep-22
WhatsApp,7.43,631.63,0,0,0,0,0,0,7.43,631.63,01-Sep-22
Yes Bank Apps,60.8,14034.34,0,0,2.3,2103.46,0,0,63.1,16137.8,01-Sep-22
Others,0.01,4.85,0,0,0,0,0,0,0.01,4.85,01-Sep-22
Airtel Payments Bank Apps,9.44,775.04,0,0,0,0,0,0.14,9.44,775.19,01-Oct-22
Allahabad Bank Apps,0.03,9.33,0,0,0,0,0,0,0.03,9.33,01-Oct-22
Amazon Pay,56.42,6060.5,0,0,0,0,0,0,56.42,6060.5,01-Oct-22
AU Small Finance Bank Apps,0.54,161.99,0,0,0,0,0,0,0.54,161.99,01-Oct-22
Axis Bank Apps,7.83,1502.28,52.13,51.48,0.03,2.09,0,0,59.99,1555.84,01-Oct-22
Bajaj Finserv,4.12,472.71,0,0,0,0,0,0,4.12,472.71,01-Oct-22
Bank of Baroda Apps,1.23,466.23,0,0,0,0,0,0,1.23,466.23,01-Oct-22
Bank of India Apps,0.2,59.97,0,0,0,0,0,0,0.2,59.97,01-Oct-22
Bank of Maharashtra Apps,0.07,20.1,0,0,0,0,0,0,0.07,20.1,01-Oct-22
BHIM,25.49,8523.17,0,0,0,0,0,0,25.49,8523.17,01-Oct-22
Canara Bank Apps,0.81,219.07,0,0,0,0,0,0,0.81,219.07,01-Oct-22
Central Bank of India Apps,0.3,71.64,0,0,0,0.02,0,0,0.3,71.66,01-Oct-22
Citi Bank Apps,0.09,66.83,0,0,0,0,0,0,0.09,66.83,01-Oct-22
City Union Bank Apps,0.04,12.85,0,0,0,0,0,0,0.04,12.85,01-Oct-22
Cointab,0.03,11.67,0,0,0,0,0,0,0.03,11.67,01-Oct-22
Cred,21.28,20259.7,0,0,0,0,0,0,21.28,20259.7,01-Oct-22
DBS Digibank Apps,0.43,179.26,0,0,0,0,0,0,0.43,179.26,01-Oct-22
Deutsche Bank Apps,1.25,111.93,0,0,0,0.01,0,0,1.26,111.93,01-Oct-22
Dhanlaxmi Bank Apps,0.01,3.21,0,0,0,0,0,0,0.01,3.21,01-Oct-22
Equitas Small Finance Bank Apps,0.02,8.28,0,0,0,0,0,0,0.02,8.28,01-Oct-22
Fampay PPI,4.06,56.79,0,0,0,0.01,0,0,4.06,56.79,01-Oct-22
Fave,0.04,2.53,0,0,0,0,0,0,0.04,2.53,01-Oct-22
Federal Bank Apps,4.19,574.92,0,0,0,0,0,0,4.19,574.92,01-Oct-22
Fino Payments bank Apps,0.09,6.46,0,0,0,0,0,0,0.09,6.46,01-Oct-22
GoIbibo,0.01,1.84,0,0,0,0,0,0,0.01,1.84,01-Oct-22
Google Pay,2496.42,420978.38,0,0,0,0,0,0,2496.42,420978.38,01-Oct-22
HDFC Bank Apps,11.96,2997.27,0,0,0,0.03,0,0,11.96,2997.29,01-Oct-22
HSBC Bank Apps,0.14,77.42,0,0.38,0,0,0,0,0.14,77.8,01-Oct-22
ICICI Bank Apps,31.22,8073.99,5.04,381.41,5.34,6074.12,0,0,41.61,14529.52,01-Oct-22
IDBI Bank Apps,0.06,25.92,0,0,0,0,0,0,0.06,25.92,01-Oct-22
IDFC Bank Apps,9.98,888.44,0,0,0,0,0,0,9.98,888.45,01-Oct-22
India Post Payments Bank Apps,4.7,630.43,0,0,0,0,0,0,4.7,630.43,01-Oct-22
Indian Bank Apps,0.23,68.97,0,0,0,0,0,0,0.23,68.97,01-Oct-22
Indian Overseas Bank Apps,0.01,4.72,0,0,0,0,0,0,0.01,4.72,01-Oct-22
IndusInd Bank Apps,1.15,1516.68,0,0,0,0,0,0,1.15,1516.68,01-Oct-22
Janata Sahakari Bank Apps,0.01,4.8,0,0,0,0,0,0,0.01,4.8,01-Oct-22
Jio Payments Bank Apps,1.38,98.87,0,0,0,0,0,0,1.38,98.87,01-Oct-22
Jupiter,2.18,280.43,0,0,0,0,0,0,2.18,280.43,01-Oct-22
Karnataka Bank Apps,0.43,76.62,0,0,0,0,0,0,0.43,76.62,01-Oct-22
Karur Vysya Bank Apps,0.04,17.62,0,0,0,0,0,0,0.04,17.62,01-Oct-22
Kotak Mahindra Bank Apps,11.46,2426.65,0,0,0,0,0,0,11.46,2426.65,01-Oct-22
MakeMyTrip,0.07,31.85,0,0,0,0,0,0,0.07,31.85,01-Oct-22
Mobikwik,3.28,708.12,0,0,0,0,0,0,3.28,708.12,01-Oct-22
NSDL Payments Bank Apps,0.02,3.13,0,0,0,0,0,0,0.02,3.13,01-Oct-22
Paytm Payments Bank App,995.34,112062.51,4.9,14.36,0.43,541.32,108.92,21002.36,1109.6,133620.54,01-Oct-22
PhonePe,3452.87,593759.02,0,0,0,0,0,0,3452.87,593759.02,01-Oct-22
Punjab National Bank Apps,0.15,62.77,0,0,0,0,0,0,0.15,62.77,01-Oct-22
Punjab Sind Bank Apps,0.02,8.05,0,0,0,0,0,0,0.02,8.05,01-Oct-22
RBL Bank Apps,1.07,243.44,0,0.01,0.01,1.71,0,0,1.08,245.16,01-Oct-22
Samsung Pay,5.09,554.33,0,0,0,0,0,0,5.09,554.33,01-Oct-22
South Indian Bank Apps,0.19,58.2,0,0,0,0,0,0,0.19,58.2,01-Oct-22
Standard Chartered Bank Apps,0.15,86.63,0.07,2.29,0,0,0,0,0.22,88.92,01-Oct-22
State Bank of India Apps,4.1,1936.72,0,0,0,0.01,0,0,4.1,1936.72,01-Oct-22
Tamilnad Mercantile Bank Apps,0.06,9.81,0,0,0,0,0,0,0.06,9.81,01-Oct-22
TataNeu,0.14,18.3,0,0,0,0,0,0,0.14,18.3,01-Oct-22
TJSB Bank Apps,0.01,1.86,0,0,0,0,0,0,0.01,1.86,01-Oct-22
UCO Bank Apps,0.28,80.38,0,0,0,0,0,0,0.28,80.38,01-Oct-22
Ultracash,0.02,0.24,0,0,0,0,0,0,0.02,0.24,01-Oct-22
Union Bank Apps,0.82,290.75,0,0,0,0,0,0,0.82,290.75,01-Oct-22
Utkarsh Small Finance Bank Apps,0.02,6.31,0,0,0,0,0,0,0.02,6.31,01-Oct-22
WhatsApp,8.38,708.56,0,0,0,0,0,0,8.38,708.56,01-Oct-22
Yes Bank Apps,55.43,15984.43,0,0,0.52,86.46,0,0,55.94,16070.88,01-Oct-22
Others,0.02,5.87,0,0,0,0,0,0,0.02,5.87,01-Oct-22
Airtel Payments Bank Apps,8.73,671,0,0,0,0,0,0.09,8.73,671.09,01-Nov-22
Allahabad Bank Apps,0.03,8.98,0,0,0,0,0,0,0.03,8.98,01-Nov-22
Amazon Pay,59.76,5873.36,0,0,0,0,0,0,59.76,5873.36,01-Nov-22
Andhra Bank Apps,0.01,1.53,0,0,0,0,0,0,0.01,1.53,01-Nov-22
AU Small Finance Bank Apps,0.53,160.3,0,0,0,0,0,0,0.53,160.3,01-Nov-22
Axis Bank Apps,6.16,1061.61,71.59,57.35,0.03,2.28,0,0,77.77,1121.24,01-Nov-22
Bajaj Finserv,3.9,464.41,0,0,0,0,0,0,3.9,464.41,01-Nov-22
Bandhan Bank Apps,0.01,1.21,0,0,0,0,0,0,0.01,1.21,01-Nov-22
Bank of Baroda Apps,1.26,455.8,0,0,0,0,0,0,1.26,455.8,01-Nov-22
Bank of India Apps,0.2,57.87,0,0,0,0,0,0,0.2,57.87,01-Nov-22
Bank of Maharashtra Apps,0.07,18.29,0,0,0,0,0,0,0.07,18.29,01-Nov-22
BHIM,25.01,8144.83,0,0,0,0,0,0,25.01,8144.83,01-Nov-22
Canara Bank Apps,0.86,232.51,0,0,0,0,0,0,0.86,232.51,01-Nov-22
Central Bank of India Apps,0.27,63.29,0,0,0,0.02,0,0,0.27,63.31,01-Nov-22
Citi Bank Apps,0.13,60.76,0,0,0,0,0,0,0.13,60.76,01-Nov-22
City Union Bank Apps,0.04,12.58,0,0,0,0,0,0,0.04,12.58,01-Nov-22
Cointab,0.03,13.87,0,0,0,0,0,0,0.03,13.87,01-Nov-22
Cred,25.63,18599.72,0,0,0,0,0,0,25.63,18599.72,01-Nov-22
DBS Digibank Apps,0.4,169.55,0,0,0,0,0,0,0.41,169.55,01-Nov-22
Deutsche Bank Apps,1.3,104.2,0,0,0,0.01,0,0,1.3,104.21,01-Nov-22
Dhanlaxmi Bank Apps,0.01,2.75,0,0,0,0,0,0,0.01,2.75,01-Nov-22
Equitas Small Finance Bank Apps,0.02,9.82,0,0,0,0,0,0,0.02,9.82,01-Nov-22
Fampay PPI,4.88,64.75,0,0,0,0,0,0,4.88,64.75,01-Nov-22
Fave,0.05,2.83,0,0,0,0,0,0,0.05,2.83,01-Nov-22
Federal Bank Apps,4.11,553.97,0,0,0,0,0,0,4.11,553.97,01-Nov-22
Fino Payments bank Apps,0.1,6.61,0,0,0,0,0,0,0.1,6.61,01-Nov-22
Google Pay,2541.14,409714.75,0,0,0,0,0,0,2541.14,409714.75,01-Nov-22
Groww,0.05,36.46,0,0,0,0,0,0,0.05,36.46,01-Nov-22
HDFC Bank Apps,10.66,2758.27,0,0,0,0.18,0,0,10.66,2758.45,01-Nov-22
HSBC Bank Apps,0.12,72.51,0,0.06,0,0,0,0,0.12,72.58,01-Nov-22
ICICI Bank Apps,33.4,7829.07,4.32,334.5,6.36,6587.24,0,0,44.07,14750.8,01-Nov-22
IDBI Bank Apps,0.06,24.78,0,0,0,0,0,0,0.06,24.78,01-Nov-22
IDFC Bank Apps,10.46,895.21,0,0,0.01,8.16,0,0,10.47,903.37,01-Nov-22
India Post Payments Bank Apps,4.66,589.14,0,0,0,0,0,0,4.66,589.14,01-Nov-22
Indian Bank Apps,0.23,67.2,0,0,0,0,0,0,0.23,67.2,01-Nov-22
Indian Overseas Bank Apps,0.01,2.48,0,0,0,0,0,0,0.01,2.48,01-Nov-22
IndusInd Bank Apps,1.2,1224.13,0,0,0,0,0,0,1.2,1224.13,01-Nov-22
Janata Sahakari Bank Apps,0.01,3.99,0,0,0,0,0,0,0.01,3.99,01-Nov-22
Jio Payments Bank Apps,1.31,96.23,0,0,0,0,0,0,1.31,96.23,01-Nov-22
Jupiter,2.16,275.52,0,0,0,0,0,0,2.16,275.52,01-Nov-22
Karnataka Bank Apps,0.4,74.82,0,0,0,0,0,0,0.4,74.82,01-Nov-22
Karur Vysya Bank Apps,0.04,16.23,0,0,0,0,0,0,0.04,16.23,01-Nov-22
Kotak Mahindra Bank Apps,10.93,2304.9,0,0,0,0,0,0,10.93,2304.9,01-Nov-22
MakeMyTrip,0.02,7.69,0,0,0,0,0,0,0.02,7.69,01-Nov-22
Mobikwik,3.46,762.67,0,0,0,0,0,0,3.46,762.67,01-Nov-22
NSDL Payments Bank Apps,0.02,2.7,0,0,0,0,0,0,0.02,2.7,01-Nov-22
Paytm Payments Bank App,973.85,109008.43,4.12,14.81,0.37,491.76,103.13,19290.91,1081.47,128805.91,01-Nov-22
PhonePe,3418.75,591327.61,0,0,0,0,0,0,3418.75,591327.61,01-Nov-22
Punjab National Bank Apps,0.16,60.47,0,0,0,0,0,0,0.16,60.47,01-Nov-22
Punjab Sind Bank Apps,0.03,8.97,0,0,0,0,0,0,0.03,8.97,01-Nov-22
RBL Bank Apps,1.14,268.54,0,0,0.04,2.26,0,0,1.18,270.81,01-Nov-22
Samsung Pay,5.07,506.82,0,0,0,0,0,0,5.07,506.82,01-Nov-22
Slash,0.01,0.28,0,0,0,0,0,0,0.01,0.28,01-Nov-22
slice,0.51,206.66,0,0,0,0,0,0,0.51,206.66,01-Nov-22
South Indian Bank Apps,0.2,58.1,0,0,0,0,0,0,0.2,58.1,01-Nov-22
Standard Chartered Bank Apps,0.15,79.67,0.4,12.9,0,0,0,0,0.55,92.57,01-Nov-22
State Bank of India Apps,4.07,1876.46,0,0,0,0,0,0,4.07,1876.46,01-Nov-22
Tamilnad Mercantile Bank Apps,0.07,10.48,0,0,0,0,0,0,0.07,10.48,01-Nov-22
TataNeu,0.14,17.17,0,0,0,0,0,0,0.14,17.17,01-Nov-22
TJSB Bank Apps,0.01,2.25,0,0,0,0,0,0,0.01,2.25,01-Nov-22
UCO Bank Apps,0.26,78.38,0,0,0,0,0,0,0.26,78.38,01-Nov-22
Ultracash,0.02,0.27,0,0,0,0,0,0,0.02,0.27,01-Nov-22
Union Bank Apps,1.11,313.3,0,0,0,0,0,0,1.11,313.3,01-Nov-22
Utkarsh Small Finance Bank Apps,0.02,7.1,0,0,0,0,0,0,0.02,7.1,01-Nov-22
WhatsApp,9.25,769.29,0,0,0,0,0,0,9.25,769.29,01-Nov-22
Yes Bank Apps,43.18,14682.54,0,0,0.41,219.88,0,0,43.58,14902.42,01-Nov-22
Others,0.02,4.07,0,0,0,0,0,0,0.02,4.07,01-Nov-22
Airtel Payments Bank Apps,8.69,681.55,0,0,0,0,0,0.12,8.7,681.67,01-Dec-22
Allahabad Bank Apps,0.03,9.75,0,0,0,0,0,0,0.03,9.75,01-Dec-22
Amazon Pay,69.61,6621.66,0,0,0,0,0,0,69.61,6621.66,01-Dec-22
AU Small Finance Bank Apps,0.58,177.47,0,0,0,0,0,0,0.58,177.47,01-Dec-22
Axis Bank Apps,7.26,1246.36,58.27,56.3,0.03,2.44,0,0,65.56,1305.09,01-Dec-22
Bajaj Finserv,4.56,647.71,0,0,0,0,0,0,4.56,647.71,01-Dec-22
Bandhan Bank Apps,0.01,1.53,0,0,0,0,0,0,0.01,1.53,01-Dec-22
Bank of Baroda Apps,1.02,397.56,0,0,0,0,0,0,1.02,397.56,01-Dec-22
Bank of India Apps,0.22,64.32,0,0,0,0,0,0,0.22,64.32,01-Dec-22
Bank of Maharashtra Apps,0.08,19.91,0,0,0,0,0,0,0.08,19.91,01-Dec-22
BHIM,25.5,8400.04,0,0,0,0,0,0,25.5,8400.04,01-Dec-22
Canara Bank Apps,1.02,275.7,0,0,0,0,0,0,1.02,275.7,01-Dec-22
Central Bank of India Apps,0.26,60.28,0,0,0,0.05,0,0,0.26,60.32,01-Dec-22
Citi Bank Apps,0.09,68.38,0,0,0,0,0,0,0.09,68.38,01-Dec-22
City Union Bank Apps,0.05,14.38,0,0,0,0,0,0,0.05,14.38,01-Dec-22
Cointab,0.05,18.98,0,0,0,0,0,0,0.05,18.98,01-Dec-22
Cred,31.42,19622.29,0,0,0,0,0,0,31.42,19622.29,01-Dec-22
DBS Digibank Apps,0.41,171.59,0,0,0,0,0,0,0.41,171.59,01-Dec-22
Deutsche Bank Apps,1.28,104.47,0,0,0,0.01,0,0,1.28,104.49,01-Dec-22
Dhanlaxmi Bank Apps,0.01,3.16,0,0,0,0,0,0,0.01,3.16,01-Dec-22
Equitas Small Finance Bank Apps,0.02,11.69,0,0,0,0,0,0,0.02,11.69,01-Dec-22
Fampay PPI,9.7,127.18,0,0,0,0.01,0,0,9.7,127.19,01-Dec-22
Fave,0.08,5.01,0,0,0,0,0,0,0.08,5.01,01-Dec-22
Federal Bank Apps,4.57,595.17,0,0,0,0.01,0,0,4.57,595.18,01-Dec-22
Fino Payments bank Apps,0.11,7.49,0,0,0,0,0,0,0.11,7.49,01-Dec-22
Google Pay,2712.34,440370.99,0,0,0,0,0,0,2712.34,440370.99,01-Dec-22
Groww,0.21,153.02,0,0,0,0,0,0,0.21,153.02,01-Dec-22
HDFC Bank Apps,11.81,3143.08,0,0,0,0.15,0,0,11.81,3143.24,01-Dec-22
HSBC Bank Apps,0.15,78.59,0,0.05,0,0,0,0,0.15,78.63,01-Dec-22
ICICI Bank Apps,36.74,8815.95,5.17,418.68,6.38,6890.51,0,0,48.29,16125.15,01-Dec-22
IDBI Bank Apps,0.07,29.5,0,0,0,0,0,0,0.07,29.5,01-Dec-22
IDFC Bank Apps,9.55,1184.6,0,0,0.16,138.38,0,0,9.7,1322.98,01-Dec-22
India Post Payments Bank Apps,5.55,682.59,0,0,0,0,0,0,5.55,682.59,01-Dec-22
Indian Bank Apps,0.25,73.71,0,0,0,0,0,0,0.25,73.71,01-Dec-22
Indian Overseas Bank Apps,0.01,2.9,0,0,0,0,0,0,0.01,2.9,01-Dec-22
IndusInd Bank Apps,1.26,1062.4,0,0,0,0,0,0,1.26,1062.4,01-Dec-22
Janata Sahakari Bank Apps,0.01,4.58,0,0,0,0,0,0,0.01,4.58,01-Dec-22
Jio Payments Bank Apps,1.48,104.71,0,0,0,0,0,0,1.48,104.71,01-Dec-22
Jupiter,2.53,318.03,0,0,0,0,0,0,2.53,318.03,01-Dec-22
Karnataka Bank Apps,0.48,91.09,0,0,0,0,0,0,0.48,91.09,01-Dec-22
Karur Vysya Bank Apps,0.04,14.87,0,0,0,0,0,0,0.04,14.87,01-Dec-22
Kotak Mahindra Bank Apps,11.53,2480.17,0,0,0,0.01,0,0,11.53,2480.18,01-Dec-22
MakeMyTrip,0.1,52.3,0,0,0,0,0,0,0.1,52.3,01-Dec-22
Mobikwik,3.62,806.82,0,0,0,0,0,0,3.62,806.82,01-Dec-22
NSDL Payments Bank Apps,0.02,2.95,0,0,0,0,0,0,0.02,2.95,01-Dec-22
Paytm Payments Bank App,1054.05,118069.81,6.08,16.86,0.43,580.52,109.79,20154.47,1170.34,138821.66,01-Dec-22
PhonePe,3674.24,639348.78,0,0,0,0,0,0,3674.24,639348.78,01-Dec-22
Punjab National Bank Apps,0.22,76.7,0,0,0,0,0,0,0.22,76.7,01-Dec-22
Punjab Sind Bank Apps,0.03,10.48,0,0,0,0,0,0,0.03,10.48,01-Dec-22
RBL Bank Apps,0.92,214.4,0,0.01,0.18,0.89,0,0,1.1,215.3,01-Dec-22
Samsung Pay,5.49,531.12,0,0,0,0,0,0,5.49,531.12,01-Dec-22
Slash,0.01,0.79,0,0,0,0,0,0,0.01,0.79,01-Dec-22
Slice,0.15,15.74,0,0,0,0,0,0,0.15,15.74,01-Dec-22
South Indian Bank Apps,0.18,53.2,0,0,0,0,0,0,0.18,53.2,01-Dec-22
Standard Chartered Bank Apps,0.16,90.42,0,0,0,0,0,0,0.16,90.42,01-Dec-22
State Bank of India Apps,4.22,1928.43,0,0,0,0,0,0,4.22,1928.43,01-Dec-22
Tamilnad Mercantile Bank Apps,0.08,12.13,0,0,0,0,0,0,0.08,12.13,01-Dec-22
TataNeu,0.15,17.64,0,0,0,0,0,0,0.15,17.64,01-Dec-22
UCO Bank Apps,0.31,93.32,0,0,0,0,0,0,0.31,93.32,01-Dec-22
Ultracash,0.03,1.65,0,0,0,0,0,0,0.03,1.65,01-Dec-22
Union Bank Apps,0.92,310.63,0,0,0,0,0,0,0.92,310.63,01-Dec-22
Utkarsh Small Finance Bank Apps,0.02,7.81,0,0,0,0,0,0,0.02,7.81,01-Dec-22
WhatsApp,11.05,917.49,0,0,0,0,0,0,11.05,917.49,01-Dec-22
Yes Bank Apps,35.98,13324.11,0,0,0.18,91.35,0,0,36.16,13415.46,01-Dec-22
Others,0.03,7.64,0,0,0,0,0,0,0.03,7.64,01-Dec-22
